[
  {"nom": "Douala", "paysCode": "CM"},
  {"nom": "Yaoundé", "paysCode": "CM"},
  {"nom": "Bafoussam", "paysCode": "CM"},
  {"nom": "Bamenda", "paysCode": "CM"},
  {"nom": "Garoua", "paysCode": "CM"},
  {"nom": "Maroua", "paysCode": "CM"},
  {"nom": "Ngaoundéré", "paysCode": "CM"},
  {"nom": "Bertoua", "paysCode": "CM"},
  {"nom": "Ebolowa", "paysCode": "CM"},
  {"nom": "Kribi", "paysCode": "CM"},
  {"nom": "Limbe", "paysCode": "CM"},
  {"nom": "Buea", "paysCode": "CM"},
  {"nom": "Paris", "paysCode": "FR"},
  {"nom": "Lyon", "paysCode": "FR"},
  {"nom": "Marseille", "paysCode": "FR"},
  {"nom": "Toulouse", "paysCode": "FR"},
  {"nom": "Bordeaux", "paysCode": "FR"},
  {"nom": "Nantes", "paysCode": "FR"},
  {"nom": "Abidjan", "paysCode": "CI"},
  {"nom": "Yamoussoukro", "paysCode": "CI"},
  {"nom": "Bouaké", "paysCode": "CI"},
  {"nom": "Dakar", "paysCode": "SN"},
  {"nom": "Saint-Louis", "paysCode": "SN"},
  {"nom": "Thiès", "paysCode": "SN"},
  {"nom": "Libreville", "paysCode": "GA"},
  {"nom": "Port-Gentil", "paysCode": "GA"},
  {"nom": "Brazzaville", "paysCode": "CG"},
  {"nom": "Pointe-Noire", "paysCode": "CG"},
  {"nom": "Cotonou", "paysCode": "BJ"},
  {"nom": "Porto-Novo", "paysCode": "BJ"},
  {"nom": "Lomé", "paysCode": "TG"},
  {"nom": "Bamako", "paysCode": "ML"},
  {"nom": "Ouagadougou", "paysCode": "BF"},
  {"nom": "Niamey", "paysCode": "NE"},
  {"nom": "Conakry", "paysCode": "GN"},
  {"nom": "N'Djamena", "paysCode": "TD"},
  {"nom": "Kigali", "paysCode": "RW"},
  {"nom": "Bujumbura", "paysCode": "BI"},
  {"nom": "Bangui", "paysCode": "CF"},
  {"nom": "Casablanca", "paysCode": "MA"},
  {"nom": "Rabat", "paysCode": "MA"},
  {"nom": "Marrakech", "paysCode": "MA"},
  {"nom": "Tunis", "paysCode": "TN"},
  {"nom": "Sfax", "paysCode": "TN"},
  {"nom": "Alger", "paysCode": "DZ"},
  {"nom": "Oran", "paysCode": "DZ"},
  {"nom": "Bruxelles", "paysCode": "BE"},
  {"nom": "Genève", "paysCode": "CH"},
  {"nom": "Zurich", "paysCode": "CH"},
  {"nom": "Montréal", "paysCode": "CA"},
  {"nom": "Toronto", "paysCode": "CA"},
  {"nom": "New York", "paysCode": "US"},
  {"nom": "San Francisco", "paysCode": "US"},
  {"nom": "Berlin", "paysCode": "DE"},
  {"nom": "Munich", "paysCode": "DE"},
  {"nom": "Londres", "paysCode": "GB"},
  {"nom": "Manchester", "paysCode": "GB"}
]
